{
    "replace": true,
    "slots": [ "sword/blade" ],
    "type": "tetra:basic_major_module",
    "improvements": [
        "tetra:sword/basic_blade/",
        "tetra:sword/shared_blade/",
        "tetra:sword/shared/",
        "tetra:shared/"
    ],
    "variants": [
        {
            "materials": [ "tetra:wood/", "tetra:stone/", "tetra:metal/", "tetra:gem/", "tetra:bone/" ],
            "key": "basic_blade/",
            "attributes": {
                "generic.attack_speed": -1.9
            },
            "effects": {
                "sweeping": 1
            },
            "tools": {
                "cut": [ 1, 2 ]
            },
            "aspects": {
                "edged_weapon": 2,
                "breakable": 2
            },
            "durability": -20,
            "tags": [ "forge:swords" ],
            "contexts": ["test"],
            "extract": {
                "primaryAttributes": {
                    "generic.attack_damage": 1
                },
                "durability": 0.9,
                "integrity": -1,
                "magicCapacity": 1,
                "glyph": {
                    "textureX": 0
                },
                "availableTextures": [ "metal", "shiny", "grainy", "crude" ],
                "models": [ { "location": "tetra:item/module/sword/blade/basic/" } ]
            }
        }
    ]
}
